,event,type
0,1896_Summer_Olympics,sport
1,1900_Summer_Olympics,sport
2,1904_Summer_Olympics,sport
3,1906_Intercalated_Games,sport
4,1908_Summer_Olympics,sport
5,1912_Summer_Olympics,sport
6,1920_Summer_Olympics,sport
7,1924_Summer_Olympics,sport
8,1924_Winter_Olympics,sport
9,1928_Summer_Olympics,sport
10,1928_Winter_Olympics,sport
11,1932_Summer_Olympics,sport
12,1932_Winter_Olympics,sport
13,1934_European_Athletics_Championships,sport
14,1936_Summer_Olympics,sport
15,1936_Winter_Olympics,sport
16,1938_European_Athletics_Championships,sport
17,1946_European_Athletics_Championships,sport
18,1948_Arab–Israeli_War,historical
19,1948_Summer_Olympics,sport
20,1948_Winter_Olympics,sport
21,1950_European_Athletics_Championships,sport
22,1952_Summer_Olympics,sport
23,1952_Winter_Olympics,sport
24,1954_European_Athletics_Championships,sport
25,1956_Summer_Olympics,sport
26,1956_Winter_Olympics,sport
27,1958_European_Athletics_Championships,sport
28,1960_Summer_Olympics,sport
29,1960_Winter_Olympics,sport
30,1962_British_Empire_and_Commonwealth_Games,sport
31,1962_European_Athletics_Championships,sport
32,1964_Summer_Olympics,sport
33,1964_Winter_Olympics,sport
34,1966_European_Athletics_Championships,sport
35,1966_European_Indoor_Games,sport
36,1968_Summer_Olympics,sport
37,1968_Winter_Olympics,sport
38,1969_European_Athletics_Championships,sport
39,1970_European_Athletics_Indoor_Championships,sport
40,1970_United_States_Senate_elections,political
41,1971_European_Athletics_Championships,sport
42,1971_European_Athletics_Indoor_Championships,sport
43,1971_NASCAR_Winston_Cup_Series,sport
44,1972_European_Athletics_Indoor_Championships,sport
45,1972_Summer_Olympics,sport
46,1972_United_States_Senate_elections,political
47,1972_Winter_Olympics,sport
48,1973_European_Athletics_Indoor_Championships,sport
49,1973_NASCAR_Winston_Cup_Series,sport
50,1974_Asian_Games,sport
51,1974_European_Athletics_Championships,sport
52,1976_European_Athletics_Indoor_Championships,sport
53,1976_NASCAR_Winston_Cup_Series,sport
54,1976_Summer_Olympics,sport
55,1976_United_States_Senate_elections,political
56,1976_WTA_Tour,sport
57,1976_Winter_Olympics,sport
58,1977_European_Athletics_Indoor_Championships,sport
59,1977_NASCAR_Winston_Cup_Series,sport
60,1978_Commonwealth_Games,sport
61,1978_European_Athletics_Championships,sport
62,1978_European_Athletics_Indoor_Championships,sport
63,1978_United_States_Senate_elections,political
64,1979_European_Athletics_Indoor_Championships,sport
65,1979_NASCAR_Winston_Cup_Series,sport
66,1980_European_Athletics_Indoor_Championships,sport
67,1980_Grand_Prix_(tennis),sport
68,1980_Summer_Olympics,sport
69,1980_United_States_Senate_elections,political
70,1980_Winter_Olympics,sport
71,1981_European_Athletics_Indoor_Championships,sport
72,1981_Grand_Prix_(tennis),sport
73,1981_WTA_Tour,sport
74,1982_Asian_Games,sport
75,1982_Commonwealth_Games,sport
76,1982_European_Athletics_Championships,sport
77,1982_European_Athletics_Indoor_Championships,sport
78,1982_United_States_Senate_elections,political
79,1982_WTA_Tour,sport
80,1983_European_Athletics_Indoor_Championships,sport
81,1983_Virginia_Slims_World_Championship_Series,sport
82,1983_World_Championships_in_Athletics,sport
83,1984_European_Athletics_Indoor_Championships,sport
84,1984_Summer_Olympics,sport
85,1984_United_States_Senate_elections,political
86,1984_Virginia_Slims_World_Championship_Series,sport
87,1984_Winter_Olympics,sport
88,1985_European_Athletics_Indoor_Championships,sport
89,1985_IAAF_World_Indoor_Games,sport
90,1986_Asian_Games,sport
91,1986_Asian_Winter_Games,sport
92,1986_Commonwealth_Games,sport
93,1986_European_Athletics_Championships,sport
94,1986_European_Athletics_Indoor_Championships,sport
95,1986_United_States_Senate_elections,political
96,1986_Virginia_Slims_World_Championship_Series,sport
97,1986_World_Junior_Championships_in_Athletics,sport
98,1987_European_Athletics_Indoor_Championships,sport
99,1987_IAAF_World_Indoor_Championships,sport
100,1987_Virginia_Slims_World_Championship_Series,sport
101,1987_World_Championships_in_Athletics,sport
102,1988_European_Athletics_Indoor_Championships,sport
103,1988_Summer_Olympics,sport
104,1988_Summer_Paralympics,sport
105,1988_United_States_Senate_elections,political
106,1988_WTA_Tour,sport
107,1988_Winter_Olympics,sport
108,1988_World_Junior_Championships_in_Athletics,sport
109,1989_European_Athletics_Indoor_Championships,sport
110,1989_Grand_Prix_(tennis),sport
111,1989_IAAF_World_Indoor_Championships,sport
112,1989_WTA_Tour,sport
113,1990_ATP_Tour,sport
114,1990_Asian_Games,sport
115,1990_Asian_Winter_Games,sport
116,1990_Commonwealth_Games,sport
117,1990_European_Athletics_Championships,sport
118,1990_European_Athletics_Indoor_Championships,sport
119,1990_FIFA_World_Cup,sport
120,1990_United_States_Senate_elections,political
121,1990_WTA_Tour,sport
122,1990_World_Junior_Championships_in_Athletics,sport
123,1991_ATP_Tour,sport
124,1991_IAAF_World_Indoor_Championships,sport
125,1991_Summer_Universiade,sport
126,1991_WTA_Tour,sport
127,1991_World_Championships_in_Athletics,sport
128,1992_European_Athletics_Indoor_Championships,sport
129,1992_Summer_Olympics,sport
130,1992_Summer_Paralympics,sport
131,1992_United_States_Senate_elections,political
132,1992_WTA_Tour,sport
133,1992_Winter_Olympics,sport
134,1992_World_Junior_Championships_in_Athletics,sport
135,1993_IAAF_World_Indoor_Championships,sport
136,1993_Summer_Universiade,sport
137,1993_WTA_Tour,sport
138,1993_World_Championships_in_Athletics,sport
139,1994_Asian_Games,sport
140,1994_Commonwealth_Games,sport
141,1994_European_Athletics_Championships,sport
142,1994_European_Athletics_Indoor_Championships,sport
143,1994_United_States_Senate_elections,political
144,1994_WTA_Tour,sport
145,1994_Winter_Olympics,sport
146,1994_World_Junior_Championships_in_Athletics,sport
147,1995_IAAF_World_Indoor_Championships,sport
148,1995_NASCAR_Winston_Cup_Series,sport
149,1995_Summer_Universiade,sport
150,1995_WTA_Tour,sport
151,1995_World_Championships_in_Athletics,sport
152,1996_ATP_Tour,sport
153,1996_Asian_Winter_Games,sport
154,1996_European_Athletics_Indoor_Championships,sport
155,1996_Summer_Olympics,sport
156,1996_Summer_Paralympics,sport
157,1996_United_States_Senate_elections,political
158,1996_WTA_Tour,sport
159,1996_World_Junior_Championships_in_Athletics,sport
160,1996–97_Indy_Racing_League,sport
161,1997_ATP_Tour,sport
162,1997_European_Aquatics_Championships,sport
163,1997_European_Athletics_U23_Championships,sport
164,1997_IAAF_World_Indoor_Championships,sport
165,1997_Summer_Universiade,sport
166,1997_WTA_Tour,sport
167,1997_World_Championships_in_Athletics,sport
168,1997_World_Weightlifting_Championships,sport
169,1998_ATP_Tour,sport
170,1998_Asian_Games,sport
171,1998_CART_FedEx_Championship_Series,sport
172,1998_Commonwealth_Games,sport
173,1998_European_Athletics_Championships,sport
174,1998_European_Athletics_Indoor_Championships,sport
175,1998_Indy_Racing_League,sport
176,1998_United_States_Senate_elections,political
177,1998_WTA_Tour,sport
178,1998_Wimbledon_Championships,sport
179,1998_Winter_Olympics,sport
180,1998_World_Junior_Championships_in_Athletics,sport
181,1998_World_Weightlifting_Championships,sport
182,1999_ATP_Tour,sport
183,1999_All-Africa_Games,sport
184,1999_Asian_Winter_Games,sport
185,1999_Australian_Open,sport
186,1999_CART_season,sport
187,1999_European_Athletics_U23_Championships,sport
188,1999_French_Open,sport
189,1999_IAAF_World_Indoor_Championships,sport
190,1999_NASCAR_Winston_Cup_Series,sport
191,1999_Summer_Universiade,sport
192,1999_US_Open_(tennis),sport
193,1999_WTA_Tour,sport
194,1999_Wimbledon_Championships,sport
195,1999_World_Championships_in_Athletics,sport
196,1999_World_Weightlifting_Championships,sport
197,2000_ATP_Tour,sport
198,2000_Asian_Athletics_Championships,sport
199,2000_European_Athletics_Indoor_Championships,sport
200,2000_NASCAR_Winston_Cup_Series,sport
201,2000_Summer_Olympics,sport
202,2000_United_States_Senate_elections,political
203,2000_WTA_Tour,sport
204,2000_Wimbledon_Championships,sport
205,2000_World_Junior_Championships_in_Athletics,sport
206,2001_ATP_Tour,sport
207,2001_CART_season,sport
208,2001_European_Athletics_U23_Championships,sport
209,2001_IAAF_World_Indoor_Championships,sport
210,2001_Mediterranean_Games,sport
211,2001_NASCAR_Winston_Cup_Series,sport
212,2001_Summer_Universiade,sport
213,2001_WTA_Tour,sport
214,2001_Wimbledon_Championships,sport
215,2001_World_Championships_in_Athletics,sport
216,2001_World_Weightlifting_Championships,sport
217,2002_ATP_Tour,sport
218,2002_African_Championships_in_Athletics,sport
219,2002_Asian_Athletics_Championships,sport
220,2002_Asian_Games,sport
221,2002_CART_season,sport
222,2002_Commonwealth_Games,sport
223,2002_European_Athletics_Championships,sport
224,2002_European_Athletics_Indoor_Championships,sport
225,2002_NASCAR_Winston_Cup_Series,sport
226,2002_United_States_Senate_elections,political
227,2002_WTA_Tour,sport
228,2002_Wimbledon_Championships,sport
229,2002_Winter_Olympics,sport
230,2002_World_Junior_Championships_in_Athletics,sport
231,2002_World_Weightlifting_Championships,sport
232,2003_ATP_Tour,sport
233,2003_All-Africa_Games,sport
234,2003_Asian_Athletics_Championships,sport
235,2003_Asian_Winter_Games,sport
236,2003_CART_season,sport
237,2003_European_Athletics_U23_Championships,sport
238,2003_IAAF_World_Indoor_Championships,sport
239,2003_NASCAR_Winston_Cup_Series,sport
240,2003_Summer_Universiade,sport
241,2003_WTA_Tour,sport
242,2003_World_Championships_in_Athletics,sport
243,2003_World_Weightlifting_Championships,sport
244,2003_invasion_of_Iraq,historical
245,2004_ATP_Tour,sport
246,2004_African_Championships_in_Athletics,sport
247,2004_Champ_Car_season,sport
248,2004_IAAF_World_Indoor_Championships,sport
249,2004_Indian_general_election,political
250,2004_NASCAR_Nextel_Cup_Series,sport
251,2004_Summer_Olympics,sport
252,2004_Summer_Paralympics,sport
253,2004_United_States_Senate_elections,political
254,2004_WTA_Tour,sport
255,2004_Wimbledon_Championships,sport
256,2004_World_Junior_Championships_in_Athletics,sport
257,2004–05_FIS_Alpine_Ski_World_Cup,sport
258,2005_ATP_Tour,sport
259,2005_Asian_Athletics_Championships,sport
260,2005_Atlantic_hurricane_season,sport
261,2005_Champ_Car_season,sport
262,2005_European_Athletics_Indoor_Championships,sport
263,2005_European_Athletics_U23_Championships,sport
264,2005_Mediterranean_Games,sport
265,2005_NASCAR_Nextel_Cup_Series,sport
266,2005_Summer_Universiade,sport
267,2005_UCI_ProTour,sport
268,2005_WTA_Tour,sport
269,2005_Wimbledon_Championships,sport
270,2005_World_Championships_in_Athletics,sport
271,2005_World_Weightlifting_Championships,sport
272,2006_ATP_Tour,sport
273,2006_African_Championships_in_Athletics,sport
274,2006_Asian_Games,sport
275,2006_Australian_Open,sport
276,2006_Central_American_and_Caribbean_Games,sport
277,2006_Champ_Car_season,sport
278,2006_Commonwealth_Games,sport
279,2006_European_Athletics_Championships,sport
280,2006_French_Open,sport
281,2006_IAAF_World_Indoor_Championships,sport
282,2006_NASCAR_Nextel_Cup_Series,sport
283,2006_UCI_ProTour,sport
284,2006_US_Open_(tennis),sport
285,2006_United_States_Senate_elections,political
286,2006_United_States_elections,political
287,2006_WTA_Tour,sport
288,2006_Wimbledon_Championships,sport
289,2006_Winter_Olympics,sport
290,2006_World_Junior_Championships_in_Athletics,sport
291,2006_World_Weightlifting_Championships,sport
292,2007_ATP_Tour,sport
293,2007_All-Africa_Games,sport
294,2007_Asian_Athletics_Championships,sport
295,2007_Asian_Winter_Games,sport
296,2007_Australian_Open,sport
297,2007_Champ_Car_season,sport
298,2007_European_Athletics_Indoor_Championships,sport
299,2007_European_Athletics_U23_Championships,sport
300,2007_French_Open,sport
301,2007_IndyCar_Series,sport
302,2007_NASCAR_Nextel_Cup_Series,sport
303,2007_Summer_Universiade,sport
304,2007_UCI_ProTour,sport
305,2007_US_Open_(tennis),sport
306,2007_WTA_Tour,sport
307,2007_Wimbledon_Championships,sport
308,2007_World_Championships_in_Athletics,sport
309,2007_World_Weightlifting_Championships,sport
310,2008_ATP_Tour,sport
311,2008_African_Championships_in_Athletics,sport
312,2008_Australian_Open,sport
313,2008_Fed_Cup,sport
314,2008_French_Open,sport
315,2008_IAAF_World_Indoor_Championships,sport
316,2008_IndyCar_Series,sport
317,2008_NASCAR_Sprint_Cup_Series,sport
318,2008_Summer_Olympics,sport
319,2008_Summer_Paralympics,sport
320,2008_UCI_ProTour,sport
321,2008_US_Open_(tennis),sport
322,2008_United_States_Senate_elections,political
323,2008_United_States_elections,political
324,2008_WTA_Tour,sport
325,2008_Wimbledon_Championships,sport
326,2008_World_Junior_Championships_in_Athletics,sport
327,2008–09_UCI_Europe_Tour,sport
328,2009_ATP_World_Tour,sport
329,2009_Asian_Athletics_Championships,sport
330,2009_Australian_Open,sport
331,2009_European_Athletics_Indoor_Championships,sport
332,2009_European_Athletics_U23_Championships,sport
333,2009_Fed_Cup,sport
334,2009_French_Open,sport
335,2009_Indian_general_election,political
336,2009_IndyCar_Series,sport
337,2009_Mediterranean_Games,sport
338,2009_NASCAR_Sprint_Cup_Series,sport
339,2009_Summer_Universiade,sport
340,2009_UCI_ProTour,sport
341,2009_US_Open_(tennis),sport
342,2009_WTA_Tour,sport
343,2009_Wimbledon_Championships,sport
344,2009_World_Championships_in_Athletics,sport
345,2009_World_Weightlifting_Championships,sport
346,2009–10_UCI_Europe_Tour,sport
347,2010_ATP_World_Tour,sport
348,2010_African_Championships_in_Athletics,sport
349,2010_Asian_Games,sport
350,2010_Australian_Open,sport
351,2010_Commonwealth_Games,sport
352,2010_European_Athletics_Championships,sport
353,2010_FIFA_World_Cup,sport
354,2010_FIFA_World_Cup_qualification,sport
355,2010_FIFA_World_Cup_qualification_(UEFA),sport
356,2010_French_Open,sport
357,2010_IAAF_World_Indoor_Championships,sport
358,2010_IndyCar_Series,sport
359,2010_NASCAR_Sprint_Cup_Series,sport
360,2010_South_American_Games,sport
361,2010_Summer_Youth_Olympics,sport
362,2010_UCI_ProTour,sport
363,2010_UCI_Track_Cycling_World_Championships,sport
364,2010_US_Open_(tennis),sport
365,2010_United_States_House_of_Representatives_elections,political
366,2010_United_States_Senate_elections,political
367,2010_WTA_Tour,sport
368,2010_Wimbledon_Championships,sport
369,2010_Winter_Olympics,sport
370,2010_World_Junior_Championships_in_Athletics,sport
371,2010_World_Weightlifting_Championships,sport
372,2010–11_UCI_Europe_Tour,sport
373,2010–11_snooker_season,sport
374,2011_ATP_World_Tour,sport
375,2011_All-Africa_Games,sport
376,2011_Asian_Athletics_Championships,sport
377,2011_Asian_Winter_Games,sport
378,2011_Australian_Open,sport
379,2011_European_Athletics_Indoor_Championships,sport
380,2011_European_Athletics_U23_Championships,sport
381,2011_French_Open,sport
382,2011_Games_of_the_Small_States_of_Europe,sport
383,2011_IndyCar_Series,sport
384,2011_Military_World_Games,sport
385,2011_NASCAR_Sprint_Cup_Series,sport
386,2011_Summer_Universiade,sport
387,2011_UCI_Road_World_Championships,sport
388,2011_UCI_World_Tour,sport
389,2011_US_Open_(tennis),sport
390,2011_WTA_Tour,sport
391,2011_Wimbledon_Championships,sport
392,2011_Winter_Universiade,sport
393,2011_World_Championships_in_Athletics,sport
394,2011_World_Rally_Championship,sport
395,2011_World_Short_Track_Speed_Skating_Championships,sport
396,2011_World_Weightlifting_Championships,sport
397,2011_World_Youth_Championships_in_Athletics,sport
398,2011–12_snooker_season,sport
399,2012_ATP_World_Tour,sport
400,2012_African_Championships_in_Athletics,sport
401,2012_Australian_Open,sport
402,2012_European_Athletics_Championships,sport
403,2012_French_Open,sport
404,2012_IAAF_World_Indoor_Championships,sport
405,2012_IndyCar_Series,sport
406,2012_NASCAR_Sprint_Cup_Series,sport
407,2012_Summer_Olympics,sport
408,2012_Summer_Paralympics,sport
409,2012_UCI_Europe_Tour,sport
410,2012_UCI_Road_World_Championships,sport
411,2012_UCI_World_Tour,sport
412,2012_US_Open_(tennis),sport
413,2012_United_States_House_of_Representatives_elections,political
414,2012_United_States_Senate_elections,political
415,2012_WTA_Tour,sport
416,2012_Wimbledon_Championships,sport
417,2012_Winter_Youth_Olympics,sport
418,2012_World_Junior_Championships_in_Athletics,sport
419,2012_World_Rally_Championship,sport
420,2012–13_snooker_season,sport
421,2013_ATP_World_Tour,sport
422,2013_Asian_Athletics_Championships,sport
423,2013_Australian_Open,sport
424,2013_European_Athletics_Indoor_Championships,sport
425,2013_European_Athletics_U23_Championships,sport
426,2013_Fed_Cup,sport
427,2013_French_Open,sport
428,2013_IndyCar_Series,sport
429,2013_Mediterranean_Games,sport
430,2013_NASCAR_Sprint_Cup_Series,sport
431,2013_Southeast_Asian_Games,sport
432,2013_Summer_Universiade,sport
433,2013_UCI_Europe_Tour,sport
434,2013_UCI_Road_World_Championships,sport
435,2013_UCI_World_Tour,sport
436,2013_US_Open_(tennis),sport
437,2013_WTA_Tour,sport
438,2013_Wimbledon_Championships,sport
439,2013_Winter_Universiade,sport
440,2013_World_Championships_in_Athletics,sport
441,2013_World_Rally_Championship,sport
442,2013_World_Weightlifting_Championships,sport
443,2013_World_Youth_Championships_in_Athletics,sport
444,2013–14_snooker_season,sport
445,2014_ATP_World_Tour,sport
446,2014_African_Championships_in_Athletics,sport
447,2014_Asian_Games,sport
448,2014_Australian_Open,sport
449,2014_Commonwealth_Games,sport
450,2014_European_Aquatics_Championships,sport
451,2014_European_Athletics_Championships,sport
452,2014_European_Masters_Athletics_Championships,sport
453,2014_FIFA_World_Cup,sport
454,2014_FIFA_World_Cup_qualification,sport
455,2014_FIFA_World_Cup_qualification_(UEFA),sport
456,2014_Fed_Cup,sport
457,2014_French_Open,sport
458,2014_IAAF_World_Indoor_Championships,sport
459,2014_IAAF_World_Relays,sport
460,2014_ITF_Women's_Circuit,sport
461,2014_Indian_general_election,political
462,2014_IndyCar_Series,sport
463,2014_Irish_local_elections,political
464,2014_NASCAR_Sprint_Cup_Series,sport
465,2014_South_American_Games,sport
466,2014_Summer_Youth_Olympics,sport
467,2014_UCI_Europe_Tour,sport
468,2014_UCI_Road_World_Championships,sport
469,2014_UCI_World_Tour,sport
470,2014_US_Open_(tennis),sport
471,2014_United_States_House_of_Representatives_elections,political
472,2014_United_States_Senate_elections,political
473,2014_United_States_elections,political
474,2014_WTA_Tour,sport
475,2014_Wimbledon_Championships,sport
476,2014_Winter_Olympics,sport
477,2014_Winter_Paralympics,sport
478,2014_World_Fencing_Championships,sport
479,2014_World_Junior_Championships_in_Athletics,sport
480,2014_World_Weightlifting_Championships,sport
481,2014–15_ISU_Challenger_Series,sport
482,2014–15_snooker_season,sport
483,2015_ATP_Challenger_Tour,sport
484,2015_ATP_World_Tour,sport
485,2015_African_Games,sport
486,2015_Asian_Athletics_Championships,sport
487,2015_Australian_Open,sport
488,2015_European_Athletics_Indoor_Championships,sport
489,2015_European_Athletics_U23_Championships,sport
490,2015_European_Games,sport
491,2015_Fed_Cup,sport
492,2015_Formula_One_World_Championship,sport
493,2015_French_Open,sport
494,2015_IAAF_World_Relays,sport
495,2015_IndyCar_Series,sport
496,2015_Military_World_Games,sport
497,2015_NASCAR_Sprint_Cup_Series,sport
498,2015_Parapan_American_Games,sport
499,2015_Southeast_Asian_Games,sport
500,2015_Summer_Universiade,sport
501,2015_UCI_Europe_Tour,sport
502,2015_UCI_Road_World_Championships,sport
503,2015_UCI_World_Tour,sport
504,2015_US_Open_(tennis),sport
505,2015_WTA_Tour,sport
506,2015_Wimbledon_Championships,sport
507,2015_Winter_Universiade,sport
508,2015_World_Championships_in_Athletics,sport
509,2015_World_Single_Distance_Speed_Skating_Championships,sport
510,2015_World_Weightlifting_Championships,sport
511,2015_in_women's_road_cycling,sport
512,2015–16_ISU_Challenger_Series,sport
513,2015–16_snooker_season,sport
514,2016_ATP_World_Tour,sport
515,2016_African_Championships_in_Athletics,sport
516,2016_Australian_Open,sport
517,2016_European_Aquatics_Championships,sport
518,2016_European_Athletics_Championships,sport
519,2016_Fed_Cup,sport
520,2016_Formula_One_World_Championship,sport
521,2016_French_Open,sport
522,2016_IAAF_World_Indoor_Championships,sport
523,2016_IAAF_World_U20_Championships,sport
524,2016_IndyCar_Series,sport
525,2016_NASCAR_Sprint_Cup_Series,sport
526,2016_Summer_Olympics,sport
527,2016_Summer_Paralympics,sport
528,2016_UCI_Europe_Tour,sport
529,2016_UCI_Road_World_Championships,sport
530,2016_UCI_Women's_World_Tour,sport
531,2016_UCI_World_Tour,sport
532,2016_US_Open_(tennis),sport
533,2016_United_States_House_of_Representatives_elections,political
534,2016_United_States_Senate_elections,political
535,2016_WTA_Tour,sport
536,2016_Wimbledon_Championships,sport
537,2016_Winter_Youth_Olympics,sport
538,2016_World_Single_Distances_Speed_Skating_Championships,sport
539,2016_in_women's_road_cycling,sport
540,2016–17_snooker_season,sport
541,2017_ATP_World_Tour,sport
542,2017_Africa_Cup_of_Nations_qualification,sport
543,2017_Asian_Athletics_Championships,sport
544,2017_Asian_Indoor_and_Martial_Arts_Games,sport
545,2017_Asian_Winter_Games,sport
546,2017_Australian_Open,sport
547,2017_BWF_World_Senior_Championships,sport
548,2017_European_Athletics_Indoor_Championships,sport
549,2017_European_Athletics_U23_Championships,sport
550,2017_Fed_Cup,sport
551,2017_Formula_One_World_Championship,sport
552,2017_French_Open,sport
553,2017_IAAF_World_U18_Championships,sport
554,2017_IndyCar_Series,sport
555,2017_Monster_Energy_NASCAR_Cup_Series,sport
556,2017_Summer_Universiade,sport
557,2017_UCI_Europe_Tour,sport
558,2017_UCI_Track_Cycling_World_Championships,sport
559,2017_UCI_Women's_World_Tour,sport
560,2017_UCI_World_Tour,sport
561,2017_US_Open_(tennis),sport
562,2017_WTA_Tour,sport
563,2017_Wimbledon_Championships,sport
564,2017_Winter_Universiade,sport
565,2017_World_Championships_in_Athletics,sport
566,2017_World_Games,sport
567,2017_World_Rowing_Championships,sport
568,2017_World_Weightlifting_Championships,sport
569,2017–18_Formula_E_season,sport
570,2017–18_ISU_Challenger_Series,sport
571,2017–18_snooker_season,sport
572,2018_ATP_World_Tour,sport
573,2018_African_Championships_in_Athletics,sport
574,2018_Asian_Games,sport
575,2018_Australian_Open,sport
576,2018_BWF_World_Tour,sport
577,2018_Central_American_and_Caribbean_Games,sport
578,2018_Commonwealth_Games,sport
579,2018_European_Athletics_Championships,sport
580,2018_European_Championships,sport
581,2018_FIFA_World_Cup,sport
582,2018_FIFA_World_Cup_qualification,sport
583,2018_Fed_Cup,sport
584,2018_Formula_One_World_Championship,sport
585,2018_French_Open,sport
586,2018_IAAF_World_Indoor_Championships,sport
587,2018_IAAF_World_U20_Championships,sport
588,2018_IndyCar_Series,sport
589,2018_Mediterranean_Games,sport
590,2018_Monster_Energy_NASCAR_Cup_Series,sport
591,2018_South_American_Games,sport
592,2018_Summer_Youth_Olympics,sport
593,2018_UCI_Europe_Tour,sport
594,2018_UCI_Track_Cycling_World_Championships,sport
595,2018_UCI_Women's_World_Tour,sport
596,2018_UCI_World_Tour,sport
597,2018_US_Open_(tennis),sport
598,2018_United_States_House_of_Representatives_elections,political
599,2018_United_States_Senate_elections,political
600,2018_United_States_elections,political
601,2018_WTA_Tour,sport
602,2018_Wimbledon_Championships,sport
603,2018_Winter_Olympics,sport
604,2018_Winter_Paralympics,sport
605,2018_World_Rowing_Championships,sport
606,2018–19_Formula_E_season,sport
607,2018–19_ISU_Challenger_Series,sport
608,2018–19_snooker_season,sport
609,2019_ATP_Tour,sport
610,2019_African_Games,sport
611,2019_European_Games,sport
612,2019_Formula_One_World_Championship,sport
613,2019_French_Open,sport
614,2019_Military_World_Games,sport
615,2019_Monster_Energy_NASCAR_Cup_Series,sport
616,2019_MotoGP_season,sport
617,2019_NASCAR_Gander_Outdoors_Truck_Series,sport
618,2019_NASCAR_Xfinity_Series,sport
619,2019_UCI_Europe_Tour,sport
620,2019_UCI_Women's_World_Tour,sport
621,2019_UCI_World_Tour,sport
622,2019_WTA_Tour,sport
623,2019_Winter_Universiade,sport
624,2019_World_Athletics_Championships,sport
625,2019_World_Para_Athletics_Championships,sport
626,2019_World_Rowing_Championships,sport
627,2019–20_ISU_Challenger_Series,sport
628,2019–20_snooker_season,sport
629,2020_Summer_Olympics,sport
630,2020_UCI_World_Tour,sport
631,2020_United_States_House_of_Representatives_elections,political
632,2020_United_States_presidential_election,political
633,2020_Winter_Youth_Olympics,sport
634,ATP_Finals,sport
635,ATP_International_Series,sport
636,ATP_International_Series_Gold,sport
637,ATP_Masters_Series,sport
638,Advantage_Cars_Prague_Open,sport
639,African_Cup_Winners'_Cup,sport
640,African_theatre_of_World_War_I,historical
641,Al-Aqsa_Intifada,historical
642,Al-Qaeda_insurgency_in_Yemen,historical
643,Algerian_War,historical
644,All-Japan_Sports_Prototype_Championship,sport
645,All_Japan_Grand_Touring_Car_Championship,sport
646,Alpine_skiing_at_the_1988_Winter_Olympics,sport
647,Alpine_skiing_at_the_1992_Winter_Olympics,sport
648,Alpine_skiing_at_the_1994_Winter_Olympics,sport
649,Alpine_skiing_at_the_1998_Winter_Olympics,sport
650,Alpine_skiing_at_the_2002_Winter_Olympics,sport
651,Alpine_skiing_at_the_2006_Winter_Olympics,sport
652,Alpine_skiing_at_the_2010_Winter_Olympics,sport
653,Alpine_skiing_at_the_2014_Winter_Olympics,sport
654,Alpine_skiing_at_the_2014_Winter_Paralympics,sport
655,Alpine_skiing_at_the_2015_Winter_Universiade,sport
656,Alpine_skiing_at_the_2018_Winter_Olympics,sport
657,American_Civil_War,historical
658,American_Indian_Wars,historical
659,American_Revolutionary_War,historical
660,American_Soccer_League_(1933–1983),sport
661,Anglo-French_War_(1778–1783),historical
662,Anglo-Mysore_Wars,historical
663,Anglo-Spanish_War_(1585–1604),historical
664,Apache_Wars,historical
665,Arab_Cold_War,historical
666,Arab_Spring,historical
667,Arab_Winter,historical
668,Arab–Byzantine_wars,historical
669,Arab–Israeli_conflict,historical
670,Archery_at_the_1920_Summer_Olympics,sport
671,Argentine_Civil_Wars,historical
672,Argentine_War_of_Independence,historical
673,Athletics_at_the_1896_Summer_Olympics,sport
674,Athletics_at_the_1900_Summer_Olympics,sport
675,Athletics_at_the_1904_Summer_Olympics,sport
676,Athletics_at_the_1908_Summer_Olympics,sport
677,Athletics_at_the_1912_Summer_Olympics,sport
678,Athletics_at_the_1920_Summer_Olympics,sport
679,Athletics_at_the_1924_Summer_Olympics,sport
680,Athletics_at_the_1928_Summer_Olympics,sport
681,Athletics_at_the_1932_Summer_Olympics,sport
682,Athletics_at_the_1936_Summer_Olympics,sport
683,Athletics_at_the_1948_Summer_Olympics,sport
684,Athletics_at_the_1952_Summer_Olympics,sport
685,Athletics_at_the_1956_Summer_Olympics,sport
686,Athletics_at_the_1960_Summer_Olympics,sport
687,Athletics_at_the_1962_British_Empire_and_Commonwealth_Games,sport
688,Athletics_at_the_1964_Summer_Olympics,sport
689,Athletics_at_the_1968_Summer_Olympics,sport
690,Athletics_at_the_1972_Summer_Olympics,sport
691,Athletics_at_the_1976_Summer_Olympics,sport
692,Athletics_at_the_1978_Commonwealth_Games,sport
693,Athletics_at_the_1980_Summer_Olympics,sport
694,Athletics_at_the_1982_Commonwealth_Games,sport
695,Athletics_at_the_1984_Summer_Olympics,sport
696,Athletics_at_the_1986_Commonwealth_Games,sport
697,Athletics_at_the_1987_Pan_American_Games,sport
698,Athletics_at_the_1988_Summer_Olympics,sport
699,Athletics_at_the_1990_Commonwealth_Games,sport
700,Athletics_at_the_1991_Pan_American_Games,sport
701,Athletics_at_the_1991_Summer_Universiade,sport
702,Athletics_at_the_1992_Summer_Olympics,sport
703,Athletics_at_the_1993_Summer_Universiade,sport
704,Athletics_at_the_1994_Commonwealth_Games,sport
705,Athletics_at_the_1995_Pan_American_Games,sport
706,Athletics_at_the_1995_Summer_Universiade,sport
707,Athletics_at_the_1996_Summer_Olympics,sport
708,Athletics_at_the_1997_Summer_Universiade,sport
709,Athletics_at_the_1998_Asian_Games,sport
710,Athletics_at_the_1998_Commonwealth_Games,sport
711,Athletics_at_the_1999_All-Africa_Games,sport
712,Athletics_at_the_1999_Pan_American_Games,sport
713,Athletics_at_the_1999_Summer_Universiade,sport
714,Athletics_at_the_2000_Summer_Olympics,sport
715,Athletics_at_the_2001_Summer_Universiade,sport
716,Athletics_at_the_2002_Asian_Games,sport
717,Athletics_at_the_2002_Commonwealth_Games,sport
718,Athletics_at_the_2003_All-Africa_Games,sport
719,Athletics_at_the_2003_Pan_American_Games,sport
720,Athletics_at_the_2003_Summer_Universiade,sport
721,Athletics_at_the_2004_Summer_Olympics,sport
722,Athletics_at_the_2005_Summer_Universiade,sport
723,Athletics_at_the_2006_Asian_Games,sport
724,Athletics_at_the_2006_Central_American_and_Caribbean_Games,sport
725,Athletics_at_the_2006_Commonwealth_Games,sport
726,Athletics_at_the_2007_All-Africa_Games,sport
727,Athletics_at_the_2007_Pan_American_Games,sport
728,Athletics_at_the_2007_Summer_Universiade,sport
729,Athletics_at_the_2008_Summer_Olympics,sport
730,Athletics_at_the_2009_Summer_Universiade,sport
731,Athletics_at_the_2010_Asian_Games,sport
732,Athletics_at_the_2010_Commonwealth_Games,sport
733,Athletics_at_the_2010_South_American_Games,sport
734,Athletics_at_the_2010_Summer_Youth_Olympics,sport
735,Athletics_at_the_2011_All-Africa_Games,sport
736,Athletics_at_the_2011_Pan_American_Games,sport
737,Athletics_at_the_2011_Summer_Universiade,sport
738,Athletics_at_the_2012_Summer_Olympics,sport
739,Athletics_at_the_2013_Southeast_Asian_Games,sport
740,Athletics_at_the_2013_Summer_Universiade,sport
741,Athletics_at_the_2014_Asian_Games,sport
742,Athletics_at_the_2014_Commonwealth_Games,sport
743,Athletics_at_the_2014_Summer_Youth_Olympics,sport
744,Athletics_at_the_2015_African_Games,sport
745,Athletics_at_the_2015_Pan_American_Games,sport
746,Athletics_at_the_2015_Parapan_American_Games,sport
747,Athletics_at_the_2015_Southeast_Asian_Games,sport
748,Athletics_at_the_2015_Summer_Universiade,sport
749,Athletics_at_the_2016_Summer_Olympics,sport
750,Athletics_at_the_2016_Summer_Paralympics,sport
751,Athletics_at_the_2017_Summer_Universiade,sport
752,Athletics_at_the_2018_Asian_Games,sport
753,Athletics_at_the_2018_Commonwealth_Games,sport
754,Atlanta_Open_(tennis),sport
755,Austrian_Open_Kitzbühel,sport
756,Austro-Prussian_War,historical
757,Balkan_Wars,historical
758,Balkans_campaign_(World_War_II),historical
759,Balkans_theatre_(World_War_I),historical
760,Banana_Wars,historical
761,Bangladesh_Liberation_War,historical
762,Barbary_Wars,historical
763,Barber_Pro_Series,sport
764,Barcelona_Open_(tennis),sport
765,Battle_for_Caen,historical
766,Battle_of_Aleppo_(2012–2016),historical
767,Battle_of_France,historical
768,Battle_of_Passchendaele,historical
769,Battle_of_Pusan_Perimeter,historical
770,Battle_of_the_Atlantic,historical
771,Battle_of_the_Border,historical
772,Battle_of_the_Bulge,historical
773,Battle_of_the_Frontiers,historical
774,Battle_of_the_Mediterranean,historical
775,Battle_of_the_Somme,historical
776,Battles_of_the_Isonzo,historical
777,Biathlon_at_the_2006_Winter_Olympics,sport
778,Biathlon_at_the_2010_Winter_Olympics,sport
779,Biathlon_at_the_2014_Winter_Olympics,sport
780,Biathlon_at_the_2018_Winter_Olympics,sport
781,Black_Hawk_War,historical
782,Bofrost_Cup_on_Ice,sport
783,Boshin_War,historical
784,Bosnian_War,historical
785,Boxer_Rebellion,historical
786,Boxing_at_the_1952_Summer_Olympics,sport
787,Boxing_at_the_1956_Summer_Olympics,sport
788,Boxing_at_the_1960_Summer_Olympics,sport
789,Boxing_at_the_1964_Summer_Olympics,sport
790,Boxing_at_the_1968_Summer_Olympics,sport
791,Boxing_at_the_1972_Summer_Olympics,sport
792,Boxing_at_the_1976_Summer_Olympics,sport
793,Boxing_at_the_1980_Summer_Olympics,sport
794,Boxing_at_the_1984_Summer_Olympics,sport
795,Boxing_at_the_1988_Summer_Olympics,sport
796,Boxing_at_the_1992_Summer_Olympics,sport
797,Boxing_at_the_1996_Summer_Olympics,sport
798,Boxing_at_the_2000_Summer_Olympics,sport
799,Boxing_at_the_2004_Summer_Olympics,sport
800,Boxing_at_the_2008_Summer_Olympics,sport
801,Boxing_at_the_2012_Summer_Olympics,sport
802,Boxing_at_the_2015_Pan_American_Games,sport
803,Boxing_at_the_2016_Summer_Olympics,sport
804,Breakup_of_Yugoslavia,historical
805,British_Academy_Television_Awards,historical
806,British_Formula_Renault_Championship,sport
807,British_Open_(snooker),sport
808,Burma_campaign,historical
809,Byzantine–Bulgarian_wars,historical
810,Byzantine–Ottoman_wars,historical
811,Byzantine–Sasanian_wars,historical
812,Caesar's_Civil_War,historical
813,Campaign_of_the_Carolinas,historical
814,Canoeing_at_the_1972_Summer_Olympics,sport
815,Canoeing_at_the_1976_Summer_Olympics,sport
816,Canoeing_at_the_1980_Summer_Olympics,sport
817,Canoeing_at_the_1984_Summer_Olympics,sport
818,Canoeing_at_the_1988_Summer_Olympics,sport
819,Canoeing_at_the_1992_Summer_Olympics,sport
820,Canoeing_at_the_1996_Summer_Olympics,sport
821,Canoeing_at_the_2000_Summer_Olympics,sport
822,Canoeing_at_the_2004_Summer_Olympics,sport
823,Canoeing_at_the_2008_Summer_Olympics,sport
824,Canoeing_at_the_2012_Summer_Olympics,sport
825,Canoeing_at_the_2015_Pan_American_Games,sport
826,Canoeing_at_the_2016_Summer_Olympics,sport
827,Carlist_Wars,historical
828,Caucasus_campaign,historical
829,Challenger_de_Gatineau,sport
830,Chechen–Russian_conflict,historical
831,Chinese_Civil_War,historical
832,Classic_(snooker),sport
833,Coalition_Wars,historical
834,Cold_War,historical
835,Continuation_War,historical
836,Creek_War,historical
837,Crimean_War,historical
838,Croatian_War_of_Independence,historical
839,Cross-country_skiing_at_the_1992_Winter_Olympics,sport
840,Cross-country_skiing_at_the_1994_Winter_Olympics,sport
841,Cross-country_skiing_at_the_1998_Winter_Olympics,sport
842,Cross-country_skiing_at_the_2002_Winter_Olympics,sport
843,Cross-country_skiing_at_the_2006_Winter_Olympics,sport
844,Cross-country_skiing_at_the_2010_Winter_Olympics,sport
845,Cross-country_skiing_at_the_2014_Winter_Olympics,sport
846,Cross-country_skiing_at_the_2018_Winter_Olympics,sport
847,Crusades,historical
848,Cuban_War_of_Independence,historical
849,Cycling_at_the_1992_Summer_Olympics,sport
850,Cycling_at_the_1996_Summer_Olympics,sport
851,Cycling_at_the_2000_Summer_Olympics,sport
852,Cycling_at_the_2004_Summer_Olympics,sport
853,Cycling_at_the_2008_Summer_Olympics,sport
854,Cycling_at_the_2012_Summer_Olympics,sport
855,Cycling_at_the_2016_Summer_Olympics,sport
856,Cyprus_Emergency,historical
857,Dakar_Rally,sport
858,Delhi_Open,sport
859,Deluge_(history),historical
860,Diving_at_the_2015_World_Aquatics_Championships,sport
861,Dominican_War_of_Independence,historical
862,Dutch–Portuguese_War,historical
863,Early_insurgency_phase_of_the_Syrian_Civil_War,historical
864,East_African_campaign_(World_War_I),historical
865,East_Asian_Games,sport
866,Eastern_Front_(World_War_I),historical
867,Eastern_Front_(World_War_II),historical
868,Eighty_Years'_War,historical
869,English_Civil_War,historical
870,Estonian_War_of_Independence,historical
871,European_theatre_of_World_War_I,historical
872,European_theatre_of_World_War_II,historical
873,FIA_Sportscar_Championship,sport
874,FIS_Alpine_World_Ski_Championships_2007,sport
875,FIS_Alpine_World_Ski_Championships_2009,sport
876,FIS_Alpine_World_Ski_Championships_2013,sport
877,FIS_Alpine_World_Ski_Championships_2015,sport
878,FIS_Alpine_World_Ski_Championships_2017,sport
879,FIS_Freestyle_World_Ski_Championships_2013,sport
880,Falklands_War,historical
881,Fall_of_the_Western_Roman_Empire,historical
882,Fencing_at_the_1996_Summer_Olympics,sport
883,Fencing_at_the_2000_Summer_Olympics,sport
884,Fencing_at_the_2004_Summer_Olympics,sport
885,Fencing_at_the_2008_Summer_Olympics,sport
886,Fencing_at_the_2011_Pan_American_Games,sport
887,Fencing_at_the_2012_Summer_Olympics,sport
888,Fencing_at_the_2016_Summer_Olympics,sport
889,Finnish_Civil_War,historical
890,Finnish_War,historical
891,First_Balkan_War,historical
892,First_Carlist_War,historical
893,First_Crusade,historical
894,First_English_Civil_War,historical
895,First_Indochina_War,historical
896,First_Opium_War,historical
897,First_Schleswig_War,historical
898,First_Serbian_Uprising,historical
899,First_War_of_Scottish_Independence,historical
900,Football_at_the_2012_Summer_Olympics,sport
901,Football_at_the_2016_Summer_Olympics,sport
902,Franco-Dutch_War,historical
903,Franco-Prussian_War,historical
904,Franco-Spanish_War_(1635–1659),historical
905,Freestyle_skiing_at_the_2014_Winter_Olympics,sport
906,Freestyle_skiing_at_the_2018_Winter_Olympics,sport
907,French_Revolution,historical
908,French_Revolutionary_Wars,historical
909,French_and_Indian_War,historical
910,French_campaign_in_Egypt_and_Syria,historical
911,French_conquest_of_Algeria,historical
912,French_invasion_of_Russia,historical
913,Fórmula_Truck,sport
914,GP2_Series,sport
915,Gallipoli_campaign,historical
916,Gemdale_ATP_Challenger,sport
917,Genpei_War,historical
918,German_Campaign_of_1813,historical
919,German_Formula_Three_Championship,sport
920,German_Unification_Wars,historical
921,Gimcheon_Open_ATP_Challenger,sport
922,Gothic_War_(535–554),historical
923,Grand_Prix_tennis_circuit,sport
924,Great_Northern_War,historical
925,Great_Sioux_War_of_1876,historical
926,Great_Turkish_War,historical
927,Greco-Turkish_War_(1919–1922),historical
928,Greek_War_of_Independence,historical
929,Guelphs_and_Ghibellines,historical
930,Gulf_War,historical
931,Gymnastics_at_the_1904_Summer_Olympics,sport
932,Gymnastics_at_the_1932_Summer_Olympics,sport
933,Gymnastics_at_the_1952_Summer_Olympics,sport
934,Gymnastics_at_the_1956_Summer_Olympics,sport
935,Gymnastics_at_the_1960_Summer_Olympics,sport
936,Gymnastics_at_the_1964_Summer_Olympics,sport
937,Gymnastics_at_the_1968_Summer_Olympics,sport
938,Gymnastics_at_the_1972_Summer_Olympics,sport
939,Gymnastics_at_the_1976_Summer_Olympics,sport
940,Gymnastics_at_the_1980_Summer_Olympics,sport
941,Gymnastics_at_the_1984_Summer_Olympics,sport
942,Gymnastics_at_the_1988_Summer_Olympics,sport
943,Gymnastics_at_the_1992_Summer_Olympics,sport
944,Gymnastics_at_the_1996_Summer_Olympics,sport
945,Gymnastics_at_the_2000_Summer_Olympics,sport
946,Gymnastics_at_the_2004_Summer_Olympics,sport
947,Gymnastics_at_the_2008_Summer_Olympics,sport
948,Gymnastics_at_the_2011_Pan_American_Games,sport
949,Gymnastics_at_the_2012_Summer_Olympics,sport
950,Gymnastics_at_the_2016_Summer_Olympics,sport
951,Haitian_Revolution,historical
952,Hall_of_Fame_Open,sport
953,Huguenot_rebellions,historical
954,Hundred_Days,historical
955,Hundred_Days_Offensive,historical
956,Hundred_Years'_War,historical
957,Hungarian_Revolution_of_1848,historical
958,Hussite_Wars,historical
959,Indian_Rebellion_of_1857,historical
960,Indo-Pakistani_War_of_1971,historical
961,Indochina_Wars,historical
962,Indonesian_National_Revolution,historical
963,Indonesia–Malaysia_confrontation,historical
964,Indoor_athletics_at_the_2017_Asian_Indoor_and_Martial_Arts_Games,sport
965,IndyCar_Series,sport
966,Insurgency_in_Khyber_Pakhtunkhwa,historical
967,Intercommunal_conflict_in_Mandatory_Palestine,historical
968,Internazionali_di_Tennis_Città_di_Vicenza,sport
969,Invasion_of_Normandy,historical
970,Invasion_of_Poland,historical
971,Iran–Iraq_War,historical
972,Iraq_War,historical
973,Iraqi_Civil_War_(2014–2017),historical
974,Iraqi_conflict_(2003–present),historical
975,Iraqi_insurgency_(2003–2011),historical
976,Irish_Confederate_Wars,historical
977,Irish_Rebellion_of_1798,historical
978,Irish_War_of_Independence,historical
979,Israeli–Palestinian_conflict,historical
980,Italian_Wars,historical
981,Italian_campaign_(World_War_II),historical
982,Italian_front_(World_War_I),historical
983,Italian_unification,historical
984,Italo-Turkish_War,historical
985,Jacobite_rising_of_1745,historical
986,Jacobite_risings,historical
987,January_Uprising,historical
988,Japanese_invasions_of_Korea_(1592–1598),historical
989,Judo_at_the_1992_Summer_Olympics,sport
990,Judo_at_the_1996_Summer_Olympics,sport
991,Judo_at_the_2000_Summer_Olympics,sport
992,Judo_at_the_2004_Summer_Olympics,sport
993,Judo_at_the_2008_Summer_Olympics,sport
994,Judo_at_the_2011_Pan_American_Games,sport
995,Judo_at_the_2012_Summer_Olympics,sport
996,Judo_at_the_2016_Summer_Olympics,sport
997,KPIT_MSLTA_Challenger,sport
998,Kamerun_Campaign,historical
999,Karl_Schäfer_Memorial,historical
1000,Kashmir_conflict,historical
1001,Khmelnytsky_Uprising,historical
1002,King_George's_War,historical
1003,King_William's_War,historical
1004,Korea_Cup,sport
1005,Korean_War,historical
1006,Kosovo_War,historical
1007,Kościuszko_Uprising,historical
1008,Kumul_Rebellion,historical
1009,Laotian_Civil_War,historical
1010,Lebanese_Civil_War,historical
1011,Libyan_Civil_War_(2011),historical
1012,Linz_Open,sport
1013,Lithuanian_Crusade,historical
1014,Lithuanian_Wars_of_Independence,historical
1015,Livonian_War,historical
1016,Long_Turkish_War,historical
1017,Luxembourg_Open,sport
1018,Macedonian_front,historical
1019,Maharashtra_Open,sport
1020,Mahdist_War,historical
1021,Malayan_campaign,historical
1022,Mali_War,historical
1023,Mediterranean_and_Middle_East_theatre_of_World_War_II,historical
1024,Mesopotamian_campaign,historical
1025,Metro_Manila_Film_Festival,other
1026,Mexican_Border_War_(1910–1919),historical
1027,Mexican_Drug_War,historical
1028,Mexican_Indian_Wars,historical
1029,Mexican_Revolution,historical
1030,Mexican_War_of_Independence,historical
1031,Mexican–American_War,historical
1032,Miami_Open_(tennis),sport
1033,Middle_Eastern_theatre_of_World_War_I,historical
1034,Mongol_invasion_of_Europe,historical
1035,Mongol_invasions_and_conquests,historical
1036,Morelos_Open,sport
1037,Moro_conflict,historical
1038,Morocco_Tennis_Tour_–_Kenitra,sport
1039,Muslim_conquest_of_Persia,historical
1040,Muslim_conquest_of_the_Levant,historical
1041,NATO_bombing_of_Yugoslavia,historical
1042,Napoleonic_Wars,historical
1043,Naval_warfare_of_World_War_I,historical
1044,Neapolitan_War,historical
1045,New_York_Underground_Film_Festival,other
1046,New_Zealand_Wars,historical
1047,Nigerian_Civil_War,historical
1048,Nine_Years'_War,historical
1049,Nine_Years'_War_(Ireland),historical
1050,Normandy_landings,historical
1051,North_African_campaign,historical
1052,Northern_Seven_Years'_War,historical
1053,Norwegian_campaign,historical
1054,November_Uprising,historical
1055,Open_13,sport
1056,Open_du_Pays_d'Aix,sport
1057,Operation_Bagration,historical
1058,Operation_Banner,historical
1059,Operation_Barbarossa,historical
1060,Operation_Inherent_Resolve,historical
1061,Operation_Overlord,historical
1062,Ottoman–Habsburg_wars,historical
1063,Ottoman–Hungarian_wars,historical
1064,Pacific_Coast_Championships,sport
1065,Pacific_War,historical
1066,Paraguayan_War,historical
1067,Paris_Masters,sport
1068,Peloponnesian_War,historical
1069,Peninsular_War,historical
1070,Philippine_Revolution,historical
1071,Philippines_campaign_(1941–1942),historical
1072,Philippine–American_War,historical
1073,Polish–Muscovite_War_(1605–1618),historical
1074,Polish–Soviet_War,historical
1075,Polish–Swedish_War_(1600–1611),historical
1076,Portuguese_Colonial_War,historical
1077,Portuguese_Restoration_War,historical
1078,Portuguese_conquest_of_the_Banda_Oriental,historical
1079,Powerlifting_at_the_2004_Summer_Paralympics,sport
1080,Powerlifting_at_the_2008_Summer_Paralympics,sport
1081,Powerlifting_at_the_2012_Summer_Paralympics,sport
1082,President's_Cup_(tennis),sport
1083,Prize_of_Moscow_News,sport
1084,Protests_of_2019,historical
1085,Qatar_Open_(tennis),sport
1086,Queen_Anne's_War,historical
1087,Rebellions_of_1837–1838,historical
1088,Reconquista,historical
1089,Reform_War,historical
1090,Revolutions_of_1848,historical
1091,Rhodesian_Bush_War,historical
1092,Romania_during_World_War_I,historical
1093,Roman–Persian_Wars,historical
1094,Rowing_at_the_1976_Summer_Olympics,sport
1095,Rowing_at_the_1980_Summer_Olympics,sport
1096,Rowing_at_the_1984_Summer_Olympics,sport
1097,Rowing_at_the_1988_Summer_Olympics,sport
1098,Rowing_at_the_1992_Summer_Olympics,sport
1099,Rowing_at_the_1996_Summer_Olympics,sport
1100,Rowing_at_the_2000_Summer_Olympics,sport
1101,Rowing_at_the_2002_Asian_Games,sport
1102,Rowing_at_the_2004_Summer_Olympics,sport
1103,Rowing_at_the_2006_Asian_Games,sport
1104,Rowing_at_the_2008_Summer_Olympics,sport
1105,Rowing_at_the_2010_Asian_Games,sport
1106,Rowing_at_the_2010_South_American_Games,sport
1107,Rowing_at_the_2011_Pan_American_Games,sport
1108,Rowing_at_the_2012_Summer_Olympics,sport
1109,Rowing_at_the_2013_Summer_Universiade,sport
1110,Rowing_at_the_2014_Asian_Games,sport
1111,Rowing_at_the_2015_Pan_American_Games,sport
1112,Rowing_at_the_2016_Summer_Olympics,sport
1113,Rowing_at_the_2018_Asian_Games,sport
1114,Russian_Civil_War,historical
1115,Russian_Revolution,historical
1116,Russian_military_intervention_in_Ukraine_(2014–present),historical
1117,Russo-Japanese_War,historical
1118,Russo-Polish_War_(1654–1667),historical
1119,Russo-Swedish_War_(1788–1790),historical
1120,Russo-Turkish_War_(1787–1792),historical
1121,Russo-Turkish_War_(1877–1878),historical
1122,SCCA_Continental_Championship,sport
1123,Sailing_at_the_1920_Summer_Olympics,sport
1124,Sailing_at_the_1992_Summer_Olympics,sport
1125,Sailing_at_the_1996_Summer_Olympics,sport
1126,Sailing_at_the_2000_Summer_Olympics,sport
1127,Sailing_at_the_2004_Summer_Olympics,sport
1128,Sailing_at_the_2008_Summer_Olympics,sport
1129,Sailing_at_the_2012_Summer_Olympics,sport
1130,Sailing_at_the_2016_Summer_Olympics,sport
1131,Santaizi_ATP_Challenger,sport
1132,Saudi_Arabian-led_intervention_in_Yemen,historical
1133,Scanian_War,historical
1134,Second_Anglo-Afghan_War,historical
1135,Second_Anglo-Dutch_War,historical
1136,Second_Anglo-Maratha_War,historical
1137,Second_Boer_War,historical
1138,Second_Chechen_War,historical
1139,Second_French_intervention_in_Mexico,historical
1140,Second_Italo-Ethiopian_War,historical
1141,Second_Northern_War,historical
1142,Second_Opium_War,historical
1143,Second_Sino-Japanese_War,historical
1144,Sengoku_period,historical
1145,Seoul_Open,sport
1146,Seven_Years'_War,historical
1147,Shanghai_Masters_(tennis),sport
1148,Shooting_at_the_1908_Summer_Olympics,sport
1149,Shooting_at_the_1912_Summer_Olympics,sport
1150,Shooting_at_the_1920_Summer_Olympics,sport
1151,Shooting_at_the_1924_Summer_Olympics,sport
1152,Shooting_at_the_1984_Summer_Olympics,sport
1153,Shooting_at_the_1988_Summer_Olympics,sport
1154,Shooting_at_the_1992_Summer_Olympics,sport
1155,Shooting_at_the_1996_Summer_Olympics,sport
1156,Shooting_at_the_2000_Summer_Olympics,sport
1157,Shooting_at_the_2004_Summer_Olympics,sport
1158,Shooting_at_the_2008_Summer_Olympics,sport
1159,Shooting_at_the_2011_Pan_American_Games,sport
1160,Shooting_at_the_2012_Summer_Olympics,sport
1161,Shooting_at_the_2016_Summer_Olympics,sport
1162,Siege_of_Leningrad,historical
1163,Silesian_Wars,historical
1164,Sinai_and_Palestine_campaign,historical
1165,Sino-French_War,historical
1166,Sioux_Wars,historical
1167,Sixty_Years'_War,historical
1168,Snowboarding_at_the_2014_Winter_Olympics,sport
1169,Snowboarding_at_the_2018_Winter_Olympics,sport
1170,Somalia_War_(2006–2009),historical
1171,Soviet–Afghan_War,historical
1172,Spain_and_the_American_Revolutionary_War,historical
1173,Spanish_American_wars_of_independence,historical
1174,Spanish_Civil_War,historical
1175,Spanish_conquest_of_Peru,historical
1176,Spanish–American_War,historical
1177,Sparkassen_Open,sport
1178,Speed_skating_at_the_1988_Winter_Olympics,sport
1179,Speed_skating_at_the_1992_Winter_Olympics,sport
1180,Speed_skating_at_the_1994_Winter_Olympics,sport
1181,Speed_skating_at_the_1998_Winter_Olympics,sport
1182,Speed_skating_at_the_2002_Winter_Olympics,sport
1183,Speed_skating_at_the_2006_Winter_Olympics,sport
1184,Speed_skating_at_the_2007_Asian_Winter_Games,sport
1185,Speed_skating_at_the_2010_Winter_Olympics,sport
1186,Speed_skating_at_the_2011_Asian_Winter_Games,sport
1187,Speed_skating_at_the_2014_Winter_Olympics,sport
1188,Speed_skating_at_the_2017_Asian_Winter_Games,sport
1189,Speed_skating_at_the_2018_Winter_Olympics,sport
1190,Spillover_of_the_Syrian_Civil_War,historical
1191,Sri_Lankan_Civil_War,historical
1192,St._Petersburg_Open,sport
1193,Stockholm_Open,sport
1194,Superstars_Series,sport
1195,Swedish_invasion_of_Russia,historical
1196,Swimming_at_the_1904_Summer_Olympics,sport
1197,Swimming_at_the_1920_Summer_Olympics,sport
1198,Swimming_at_the_1924_Summer_Olympics,sport
1199,Swimming_at_the_1928_Summer_Olympics,sport
1200,Swimming_at_the_1932_Summer_Olympics,sport
1201,Swimming_at_the_1936_Summer_Olympics,sport
1202,Swimming_at_the_1948_Summer_Olympics,sport
1203,Swimming_at_the_1952_Summer_Olympics,sport
1204,Swimming_at_the_1956_Summer_Olympics,sport
1205,Swimming_at_the_1960_Summer_Olympics,sport
1206,Swimming_at_the_1964_Summer_Olympics,sport
1207,Swimming_at_the_1968_Summer_Olympics,sport
1208,Swimming_at_the_1972_Summer_Olympics,sport
1209,Swimming_at_the_1976_Summer_Olympics,sport
1210,Swimming_at_the_1980_Summer_Olympics,sport
1211,Swimming_at_the_1984_Summer_Olympics,sport
1212,Swimming_at_the_1988_Summer_Olympics,sport
1213,Swimming_at_the_1992_Summer_Olympics,sport
1214,Swimming_at_the_1996_Summer_Olympics,sport
1215,Swimming_at_the_2000_Summer_Olympics,sport
1216,Swimming_at_the_2004_Summer_Olympics,sport
1217,Swimming_at_the_2004_Summer_Paralympics,sport
1218,Swimming_at_the_2008_Summer_Olympics,sport
1219,Swimming_at_the_2008_Summer_Paralympics,sport
1220,Swimming_at_the_2012_Summer_Olympics,sport
1221,Swimming_at_the_2012_Summer_Paralympics,sport
1222,Swimming_at_the_2013_World_Aquatics_Championships,sport
1223,Swimming_at_the_2015_World_Aquatics_Championships,sport
1224,Swimming_at_the_2016_Summer_Olympics,sport
1225,Swimming_at_the_2016_Summer_Paralympics,sport
1226,Swimming_at_the_2020_Summer_Olympics,sport
1227,Swiss_Indoors,sport
1228,Swiss_Open_(tennis),sport
1229,Syrian_Civil_War_spillover_in_Lebanon,historical
1230,Syria–Lebanon_campaign,historical
1231,Texas_Revolution,historical
1232,Texas–Indian_wars,historical
1233,Thailand_Masters,sport
1234,The_General_Crisis,historical
1235,The_Great_Game,historical
1236,The_Troubles,historical
1237,Third_Anglo-Mysore_War,historical
1238,Third_Silesian_War,historical
1239,Thirty_Years'_War,historical
1240,Tonkin_campaign,historical
1241,Tour_of_the_Netherlands,sport
1242,Track_and_field_at_the_2011_Military_World_Games,sport
1243,Track_and_field_at_the_2015_Military_World_Games,sport
1244,Tunis_Open,sport
1245,Tunisian_campaign,historical
1246,Turkish_War_of_Independence,historical
1247,UEFA_European_Under-17_Championship,sport
1248,Ukrainian_War_of_Independence,historical
1249,Unification_of_Germany,historical
1250,Unification_of_Saudi_Arabia,historical
1251,United_States_occupation_of_Nicaragua,historical
1252,Venetian–Genoese_wars,historical
1253,Venezuelan_War_of_Independence,historical
1254,Vietnam_War,historical
1255,Volleyball_at_the_2016_Summer_Olympics,sport
1256,WTA_Tier_III_tournaments,sport
1257,WTA_Tier_II_tournaments,sport
1258,WTA_Tier_IV_tournaments,sport
1259,WTA_Tier_I_tournaments,sport
1260,WTA_Tier_V_tournaments,sport
1261,War_in_Afghanistan_(2001–present),historical
1262,War_in_the_Vendée,historical
1263,War_of_1812,historical
1264,War_of_Jenkins'_Ear,historical
1265,War_of_the_Austrian_Succession,historical
1266,War_of_the_Breton_Succession,historical
1267,War_of_the_Fifth_Coalition,historical
1268,War_of_the_First_Coalition,historical
1269,War_of_the_Fourth_Coalition,historical
1270,War_of_the_League_of_Cambrai,historical
1271,War_of_the_Pacific,historical
1272,War_of_the_Polish_Succession,historical
1273,War_of_the_Pyrenees,historical
1274,War_of_the_Second_Coalition,historical
1275,War_of_the_Sicilian_Vespers,historical
1276,War_of_the_Sixth_Coalition,historical
1277,War_of_the_Spanish_Succession,historical
1278,War_of_the_Third_Coalition,historical
1279,War_on_terror,historical
1280,Wars_of_Scottish_Independence,historical
1281,Wars_of_the_Roses,historical
1282,Wars_of_the_Three_Kingdoms,historical
1283,Weightlifting_at_the_1980_Summer_Olympics,sport
1284,Weightlifting_at_the_1992_Summer_Olympics,sport
1285,Weightlifting_at_the_1996_Summer_Olympics,sport
1286,Weightlifting_at_the_2000_Summer_Olympics,sport
1287,Weightlifting_at_the_2004_Summer_Olympics,sport
1288,Weightlifting_at_the_2008_Summer_Olympics,sport
1289,Weightlifting_at_the_2011_Pan_American_Games,sport
1290,Weightlifting_at_the_2012_Summer_Olympics,sport
1291,Weightlifting_at_the_2016_Summer_Olympics,sport
1292,Western_Allied_invasion_of_Germany,historical
1293,Western_Desert_campaign,historical
1294,Western_Front_(World_War_I),historical
1295,Western_Front_(World_War_II),historical
1296,Wheelchair_fencing_at_the_2012_Summer_Paralympics,sport
1297,Williamite_War_in_Ireland,historical
1298,Winter_War,historical
1299,Women's_Stuttgart_Open,sport
1300,World_Championship_Tennis,sport
1301,World_Sportscar_Championship,sport
1302,World_War_I,historical
1303,World_War_II,historical
1304,World_War_II_in_Yugoslavia,historical
1305,Wrestling_at_the_1920_Summer_Olympics,sport
1306,Wrestling_at_the_1924_Summer_Olympics,sport
1307,Wrestling_at_the_1928_Summer_Olympics,sport
1308,Wrestling_at_the_1932_Summer_Olympics,sport
1309,Wrestling_at_the_1936_Summer_Olympics,sport
1310,Wrestling_at_the_1952_Summer_Olympics,sport
1311,Wrestling_at_the_1956_Summer_Olympics,sport
1312,Wrestling_at_the_1960_Summer_Olympics,sport
1313,Wrestling_at_the_1964_Summer_Olympics,sport
1314,Wrestling_at_the_1968_Summer_Olympics,sport
1315,Wrestling_at_the_1972_Summer_Olympics,sport
1316,Wrestling_at_the_1976_Summer_Olympics,sport
1317,Wrestling_at_the_1980_Summer_Olympics,sport
1318,Wrestling_at_the_1984_Summer_Olympics,sport
1319,Wrestling_at_the_1988_Summer_Olympics,sport
1320,Wrestling_at_the_1992_Summer_Olympics,sport
1321,Wrestling_at_the_1996_Summer_Olympics,sport
1322,Wrestling_at_the_2000_Summer_Olympics,sport
1323,Wrestling_at_the_2004_Summer_Olympics,sport
1324,Wrestling_at_the_2008_Summer_Olympics,sport
1325,Wrestling_at_the_2011_Pan_American_Games,sport
1326,Wrestling_at_the_2012_Summer_Olympics,sport
1327,Wrestling_at_the_2015_European_Games,sport
1328,Wrestling_at_the_2016_Summer_Olympics,sport
1329,Wushu_at_the_2018_Asian_Games,sport
1330,Yom_Kippur_War,historical
1331,Yugoslav_Wars,historical
1332,Zhuhai_Open,sport
